0002ccarr,0002,20
0004353,0004,20
0005DWilbur,0005,20
3692GLamont,0006,20
0008lbelontz,0008,20
2346DMurphy,0009,20
0010TPrendergast,0010,20
0011jmckinnon,0011,20
1235dgibson,0012,20
Dale0013,0013,20
1351aeedens,0014,20
0015PBurley,0015,20
1494pharper,0016,20
0018FHodzic,0018,20
2919KWhite,0019,20
0020OLGA,0020,20
5896rmacatuno,0023,20
mohana24,0024,20
eslatter,0025,20
026tracykoebel,0026,20
2055hhamilton,0027,20
002725CRECTOR,0030,20
0031SKelly,0031,20
ryleykingdon,0032,20
33DPickett,0033,20
0034AStorm,0034,20
0381Amandak,0035,20
0036kmclean,0036,20
0037AButterworth,0037,20
0038ELariviere,0038,20
0039HMichie,0039,20
0041bwithnell,0041,20
0043JGautreau,0043,20
0045JTomecek,0045,20
0046MJeyarajah,0046,20
1417MWelch,0047,20
theresalavoie,0049,20
0050JLuce,0050,20
1096CDoweck1,0052,20
0053cwaterfeild,0053,20
troden,0056,20
JonTaylor0059,0059,20
0060JMacdonald,0060,20
0062SPavia,0062,20
0063ACHARLTON,0063,20
0064BLaforet,0064,20
0065brenda,0065,20
0747ACosta,0066,20
0069KMuise,0069,20
0070BMckenzie,0070,20
0872pmaguire,0071,20
0073MBailey,0073,20
0075DONNAHENHOEFFER,0075,20
kfitzgerald,0076,20
0077ratkins,0077,20
2255AGates,0079,20
1716SMacaulay,0081,20
0082Geralda,0082,20
1669PMehta,0085,20
0087PrabhjotBaath,0087,20
0090TReddick-King,0090,20
0094kforbes,0094,20
melanie5769,0095,20
2082LKerr,0096,20
alwong,0098,20
0647danderson,0101,20
2091MSymonds,0102,20
0104BLong,0104,20
COLLEENSTEVENS,0105,20
2147skelly,0108,20
2320SSterling,0109,20
081LGouthro,0110,20
0112Trevor,0112,20
2635klindsay,0113,20
0382RLewis,0114,20
0115MCanasa,0115,20
0116JIANRONG,0116,20
0118LTatlonghari,0118,20
0899CSheppard1,0119,20
1487JHarway,0120,20
0121KirtanPatel,0121,20
3398IBicoy,0122,20
dbilodeau123,0123,20
0124GReid,0124,20
2232GGalarneau,0125,20
0126jvandenbroek,0126,20
0127SLONGEPEE,0127,20
0128mveillette,0128,20
0819mcrook,0129,20
0130vanessab,0130,20
3370Farhad,0133,20
Karamjitkaur1,0134,20
0135PLuedee,0135,20
0136khatt,0136,20
0137Safrin,0137,20
0140BHaas,0140,20
0141JJBoies,0141,20
2919jsilva,0142,20
0085serrano,0144,20
0145SSmith,0145,20
149kcahill,0149,20
1899efulop,0151,20
3070RPeters,0152,20
0153MMaclean,0153,20
154julies,0154,20
JOSEELAJEUNESSE,0155,20
0157SLabrecque,0157,20
0159LGlass,0159,20
1205jcurrier,0160,20
1874KBruder,0162,20
0163tcampbell,0163,20
xqyqalla,0164,20
0137cthompson,0165,20
tilocke,0174,20
00355jflageole,0175,20
0176NHickey,0176,20
0177MYap,0177,20
179lquintos,0179,20
0182bgotell,0182,20
0183NKrahn,0183,20
0184JWalsh,0184,20
2513WV,0187,20
samera188,0188,20
3673VAudy,0189,20
1973VSWORD,0191,20
DMartin1980,0193,20
0194Mconley,0194,20
bharrod,0195,20
2331CEGUY,0196,20
0888SLarmand,0197,20
0200srebelo,0200,20
1874AEClarke,0201,20
2453SULIMAN,0203,20
0204PChisholm1,0204,20
1950DNg,0205,20
0206SMacLeod,0206,20
casilanhector,0208,20
0209rnazli,0209,20
1858SFinley,0211,20
0212TLane,0212,20
0215Jamie,0215,20
filoras,0218,20
0219rmukamba,0219,20
1967emaxwell,0220,20
1883SRyan,0221,20
1511PWHITFIELD,0223,20
225patti,0225,20
2308SAdam,0226,20
228MaryAnne,0228,20
0229vtychkowsky,0229,20
0998JBarrett,0230,20
StephenMcKean,0231,20
0233APHAM,0233,20
chrissomerville,0234,20
0102BGreen-Walsh,0235,20
0236khale,0236,20
0237JChapman,0237,20
0238bdelio,0238,20
0585CFowler,0239,20
0279nfajardo,0240,20
0241mfontaine,0241,20
0242KWesthaver,0242,20
0243DBerry,0243,20
0246VDasilva,0246,20
dylangriffith,0247,20
francinerioux,0248,20
0126shood,0249,20
0250lisraeil,0250,20
0251SMorrison,0251,20
0252cynthia,0252,20
LiseRobin,0254,20
0141mbriere,0255,20
257dharris,0257,20
0260jnupponen,0260,20
0261nballard,0261,20
4130LHoltby,0262,20
chaina3004,0265,20
0268JMount,0268,20
2781NWilson,0269,20
0270carmstrong,0270,20
0271KEngel,0271,20
1554dominique,0273,20
0275SHERRYC,0275,20
0945KEarle,0276,20
0469SDryden,0277,20
0278vkotanko,0278,20
3616cjordan,0279,20
sbenoit,0280,20
1838MDillon,0281,20
2386mdimaculangan,0282,20
0283KParveen,0283,20
NicolePoirier,0284,20
0285dlaprise,0285,20
0287jlarocque,0287,20
0288KMoore,0288,20
0149AWilson,0289,20
0290APearson,0290,20
0292JWatson,0292,20
0293tlavallee,0293,20
0294HScott,0294,20
0297WRoulette,0297,20
0189JGauthier,0298,20
0299ryuzak,0299,20
gurpreet0227,0300,20
0655TCOGGHE,0301,20
0018ISabic,0302,20
0303SLeBlanc,0303,20
jefferymccarron,0304,20
CFroman,0305,20
2210MDaugherty,0307,20
0310DarrenM,0310,20
2783JGRIARTE,0311,20
3127jeffrey,0312,20
0314SLourenco,0314,20
0532pshepherd,0316,20
1345smeldrum,0317,20
0320msawyer,0320,20
0321michelle,0321,20
3553Ago,0322,20
0323TMarkham,0323,20
0324CWill,0324,20
0325KMuir,0325,20
2248dyadalpe,0328,20
330jcastro,0330,20
00331Mpilon,0331,20
0332DDouglas,0332,20
1904LTumaneng,0333,20
1431K.JAMIL,0334,20
2875dkozak,0335,20
0337GLacroix,0337,20
GMOREAU338,0338,20
TrudeauMaxime,0339,20
Ashley1234,0340,20
0341sallison,0341,20
0342DKicks,0342,20
jacinthem,0343,20
1493EMurphy,0346,20
347AmyL,0347,20
0348marilou,0348,20
0349rnunez,0349,20
0351lmacinnis,0351,20
1895TPeart,0352,20
gohierdan354,0354,20
0355cblouin,0355,20
danawiesnerova,0357,20
2212ECorpuz,0358,20
kadove,0359,20
2954BHerter,0361,20
0017foneill,0362,20
0363SValentine,0363,20
0367Dwalsh,0367,20
Kakbar,0374,20
0375AHaq,0375,20
0376KGrewal,0376,20
0041bwithnell,0377,20
GarthJeffery,0378,20
0379KSornalingam,0379,20
0380dar,0380,20
0381Ashley,0381,20
0382RLewis,0382,20
385LMITCHELL,0385,20
Phil00386,0386,20
0387JThorne,0387,20
0388JGenese,0388,20
0389ARutledge,0389,20
jschaaf,0390,20
manpreetk0391,0391,20
0394kharnett,0394,20
2174hluening,0396,20
0397JBerthelet,0397,20
0398kscott,0398,20
399dlabelle,0399,20
0400dvaux,0400,20
2153rfaizi,0404,20
LISACHAFE,0405,20
AudreyBellemare406,0406,20
0407JOLORESISMO,0407,20
0470spion1,0410,20
AMANDABERGIE,0412,20
tara1515,0415,20
0416PCurrah,0416,20
0126voregan,0418,20
1548mfrank1,0420,20
Snobela,0421,20
0422BRosborough1,0422,20
DEANNABURTT,0423,20
Mariewilliams,0424,20
0425ARichardson,0425,20
0426dloshaw,0426,20
ashlie2014,0429,20
0430Marie-ClaudeDeguise,0430,20
0431MLake,0431,20
renukaacharya,0432,20
0433AdamB,0433,20
ADompierre,0435,20
elliott1495,0437,20
jaclynschram,0439,20
0442CDanis,0442,20
ReginaUrsua,0443,20
2374sgall,0444,20
0446kvelasco,0446,20
2804HSidelil,0447,20
0481JStevens,0448,20
0449KenGray,0449,20
0450Carrie,0450,20
0451alisam,0451,20
1345camurphy,0452,20
0454JOuellet,0454,20
455lorna,0455,20
2210ZTasneem,0457,20
0458CVidito,0458,20
0460NSULTANA,0460,20
0461vcampbell,0461,20
0462BKoutsouradis,0462,20
4278Cpage,0463,20
2567LWinsor,0466,20
dupuitl,0467,20
2725MichelleA,0468,20
1995LHopkins,0469,20
christianethibault,0470,20
0473KMartin,0473,20
1669SSandhu,0474,20
2180mrebolledo,0475,20
0476Andrea,0476,20
477GKealy,0477,20
3925JChapman,0478,20
1137cduchesne,0479,20
480adahr,0480,20
0481FMUENCH,0481,20
3060OCole,0482,20
1244SMeasor,0483,20
0484SH,0484,20
485garrett,0485,20
0486EColina,0486,20
0487VLynk,0487,20
2651AWaldron,0488,20
daveroy0489,0489,20
490anjuB,0490,20
0493m-joseecomeau,0493,20
0494TDEERING,0494,20
1692cdewolfe,0497,20
0500MDaly,0500,20
0501GRousseau,0501,20
0039CHowie,0502,20
503MWay,0503,20
0504DTRESHAM,0504,20
VBELANGER,0505,20
0079spasinabo,0507,20
0508KParent,0508,20
0510MLINN,0510,20
5218mfall,0511,20
5224jjanet,0513,20
0136FHill,0514,20
0515Ddaly,0515,20
1914voctaviano,0516,20
0517JOSEEL,0517,20
0518MAhmad,0518,20
637safadic,0519,20
0520kulvinder,0520,20
1614HarshadPatel,0523,20
barszcz,0524,20
525JOSHUA,0525,20
3060JTapper,0526,20
527mmcdowell,0527,20
0529sfess,0529,20
avickers,0530,20
o387aslaney,0532,20
sumedhag,0533,20
0534CMcmullen,0534,20
0535SStafford,0535,20
0536nithi,0536,20
537Tuyen,0537,20
0538dboado,0538,20
0540SVansickle,0540,20
ayousif,0541,20
542Carlisa,0542,20
0544VGervais,0544,20
Falguni,0546,20
0548LeanneWalsh,0548,20
0550kbond,0550,20
0551KStief,0551,20
000552LPiche,0552,20
3269PElson,0553,20
2234HDecker,0555,20
0556MRavinder,0556,20
1425BPringle,0557,20
3187DLindsay,0558,20
0717LHarnett,0561,20
0562DManchester,0562,20
0563cmorin,0563,20
2070Brittany,0564,20
