username,home_location_id
3980jtennant,100026
2055hhamilton,100027
0030shannon,100030
0031JMederak,100031
0032kroy,100032
0032dskakum,100032
2432MMcInall,100033
0034SLee,100034
0633SMacleod,100035
0036JPeat,100036
0037KMonahan,100037
0038BWilkie,100038
0039STinson,100039
0041SFisher,100041
0043KMHebert,100043
0960EBrown,100045
0046MFernando,100046
1417KWhetstone,100047
1760TCuevas,100049
0050EJohnstone,100050
1096RBlais,100052
1107LLethbridge,100053
klechner,100056
0058jbrenton,100058
0059LCoates,100059
0060BTaylor,100060
0457SaJohnston,100062
0064AHuie,100064
BethCabrera,100065
0068OKonoir,100066
2853klegacy,100069
0070LTrakalo,100070
0071kfraser,100071
0073MLahoud,100073
0073Mrasberry,100073
75Kent,100075
3492AThompson,100076
2299CMackinnon,100077
0079nburt,100079
1446HangYu,100081
0085JBarrowcliffe,100085
0087TValdez,100087
0090TGrieve,100090
5391Chinju,100093
0094LesLingard,100094
autumn5769,100095
1997TCherski,100096
zjirjees,100098
101Ntedford,100101
1640ldobson,100102
0104TEvers,100104
0638MRichard,100105
0108RTheoret,100108
0109cleclerc,100109
0110RLeblanc,100110
0113aaugust,100113
0114RBourgeois,100114
3952DDELGRECO,100115
SHeimphel,100116
0118CJose,100118
0119hdyckow,100119
0120BVoy,100120
0121HGebremedhin,100121
2583KMann,100122
0124BAndrushko,100124
0125eaudette,100125
0126SWilliams,100126
0126hbennett,100126
daisydeschamplain,100127
0339cblais,100128
candace,100129
0130LLeblanc2,100130
3281karined,100130
3370VClavet,100133
regina,100134
oliviavardy,100134
0135shannon,100135
0135LNicholson,100135
0136cogilvie,100136
wandafarris,100136
0137alehr,100137
0140TCollinsmurphy,100140
0141jrego,100141
142JGeorgis,100142
0085hlumilan,100144
0148FAbbas,100148
0148CS,100148
1855cs,100149
michellelinfield,100149
0209tducharme,100151
0152NTotten,100152
2958JBaird,100152
0153SHolmes,100153
0154LOtis,100154
2553JBARAHONA,100155
0157APerron,100157
0159RCooksey,100159
0160DDevaul1,100160
bcrawford,100010
0011CNugent,100011
DRomano,100012
2774Helen,100013
0814KDenholm,100014
0015NBrooks,100015
0016ERussell,100016
0018ABlendeman,100018
2919abirdsell,100019
0020TWilkin,100020
0023Kjnbaptiste,100023
hchristensen,100025
